model,scenario,raw_coverage,cal_coverage,width_ratio,kupiec_p_raw,kupiec_p_cal,cqr_coverage,cqr_width_ratio,kupiec_p_cqr,cqr_kupiec_pass,const_coverage,kupiec_p_const,const_kupiec_pass,raw_winkler_is,cal_winkler_is,const_winkler_is,cqr_winkler_is,cqr_is_improvement_pct
chronos-base,market_rolling,0.715,0.816667,1.14804,0.0,6.62049082222893e-10,0.896667,1.363,0.7865136765400489,True,0.853333,0.0003313582806626636,False,13605.22,9853.37,11394.79,9241.38,32.07
chronos-base,synth_GARCH_L1,0.805,0.8925,1.03371,1.2931626214296443e-08,0.6208700327876632,0.9125,1.07419,0.39551232457363306,True,0.8325,3.370430150906323e-05,False,16.34,12.07,15.8,11.88,27.29
chronos-base,synth_GARCH_L2,0.8425,0.9075,1.03431,0.00035831171577793697,0.613036527447367,0.9275,1.04071,0.055039499052167096,True,0.8475,0.0010524979104460375,False,16.28,12.24,16.02,11.55,29.06
chronos-base,synth_GARCH_L3,0.8325,0.8925,1.055,3.370430150906323e-05,0.6208700327876632,0.93,1.0631,0.03548193606721539,False,0.855,0.004634643169461494,False,17.13,12.96,16.73,11.67,31.88
chronos-base,synth_GARCH_L4,0.8575,0.915,0.99074,0.007325756312581921,0.30593081577016135,0.935,1.01561,0.013239600112248673,False,0.8625,0.017318793481773453,False,16.56,11.79,16.49,11.38,31.26
chronos-base,synth_GARCH_L5,0.915,0.9375,0.95998,0.30593081577016135,0.007638557747897012,0.92,0.95203,0.16860668457336148,True,0.905,0.7369783742663787,True,12.0,10.54,11.84,10.52,12.31
chronos-base,synth_REGIME_L1,0.865,0.92,0.97254,0.02589616500701819,0.16860668457336148,0.9325,0.91598,0.022078428018212026,False,0.84,0.00020363354418406754,False,23.94,16.71,24.49,14.37,39.98
chronos-base,synth_REGIME_L2,0.77,0.8475,1.10264,4.0190073491430667e-14,0.0010524979104460375,0.935,1.18888,0.013239600112248673,False,0.82,1.2020311458416089e-06,False,36.01,24.65,33.33,19.4,46.13
chronos-base,synth_REGIME_L3,0.8325,0.9025,0.99172,3.370430150906323e-05,0.867141301957215,0.895,1.01831,0.7407077810193812,True,0.8375,0.00011373790838609121,False,20.74,17.12,20.67,16.74,19.29
chronos-base,synth_REGIME_L4,0.7375,0.8925,1.03714,0.0,0.6208700327876632,0.925,1.09144,0.08253223849089075,True,0.79,8.004097384883835e-11,False,22.04,15.67,20.93,16.06,27.11
chronos-base,synth_REGIME_L5,0.845,0.9225,1.01945,0.0006195463143746638,0.11980803750450175,0.94,1.01071,0.0042327351850235395,False,0.8475,0.0010524979104460375,False,23.54,18.89,23.43,17.94,23.76
chronos-base,synth_TAIL_L1,0.89,0.9175,0.98787,0.511055281460589,0.23035104396842243,0.91,0.97314,0.49840847706582836,True,0.8825,0.2549070641917336,True,14.42,11.93,14.54,11.67,19.1
chronos-base,synth_TAIL_L2,0.91,0.94,0.97604,0.49840847706582836,0.0042327351850235395,0.9425,1.00785,0.0022485359038989516,False,0.91,0.49840847706582836,True,12.08,10.96,12.1,11.14,7.8
chronos-base,synth_TAIL_L3,0.86,0.915,1.00999,0.011368557989856365,0.30593081577016135,0.915,1.04044,0.30593081577016135,True,0.8675,0.03800227909384535,False,12.9,10.65,12.85,10.91,15.41
chronos-base,synth_TAIL_L4,0.9525,0.955,0.91478,0.00011257768779215915,4.6847632284907625e-05,0.9475,0.87862,0.0005545723725970397,False,0.9275,0.055039499052167096,True,12.16,10.95,11.64,10.29,15.38
chronos-base,synth_TAIL_L5,0.8025,0.8725,1.19231,5.753702625455048e-09,0.07733213435568564,0.9275,1.39227,0.055039499052167096,True,0.8825,0.2549070641917336,True,27.89,23.0,26.52,14.48,48.07
chronos-tiny,market_rolling,0.671667,0.783333,1.20929,0.0,0.0,0.901667,1.42061,0.891488301706257,True,0.813333,1.5325130053867042e-10,False,16299.57,10389.85,12561.07,8456.89,48.12
chronos-tiny,market_snap,1.0,1.0,0.86863,0.04008175309031781,0.04008175309031781,0.95,0.87934,0.4136588922308816,True,1.0,0.04008175309031781,False,46.9,40.74,41.24,42.98,8.37
chronos-tiny,synth_GARCH_L1,0.795,0.8925,1.03277,4.627837002502133e-10,0.6208700327876632,0.91,1.07853,0.49840847706582836,True,0.8275,9.335301904389581e-06,False,16.4,12.16,15.71,11.9,27.44
chronos-tiny,synth_GARCH_L2,0.815,0.8575,1.0263,2.826537492950365e-07,0.007325756312581921,0.9225,1.06324,0.11980803750450175,True,0.8325,3.370430150906323e-05,False,18.65,14.73,18.21,11.63,37.63
chronos-tiny,synth_GARCH_L3,0.8175,0.8775,1.02402,5.875744210070977e-07,0.1458523829265046,0.925,1.03089,0.08253223849089075,True,0.8275,9.335301904389581e-06,False,17.23,13.01,17.02,11.91,30.84
chronos-tiny,synth_GARCH_L4,0.8375,0.8825,0.99121,0.00011373790838609121,0.2549070641917336,0.945,1.03744,0.0011428451501319659,False,0.8575,0.007325756312581921,False,18.12,12.41,17.92,11.0,39.28
chronos-tiny,synth_GARCH_L5,0.895,0.905,0.94204,0.7407077810193812,0.7369783742663787,0.9275,0.94966,0.055039499052167096,True,0.8875,0.4129674542352718,True,12.33,10.48,12.19,10.06,18.35
chronos-tiny,synth_REGIME_L1,0.845,0.8925,1.05978,0.0006195463143746638,0.6208700327876632,0.9325,1.12245,0.022078428018212026,False,0.875,0.10721894827600265,True,22.14,15.2,21.26,13.42,39.39
chronos-tiny,synth_REGIME_L2,0.735,0.7925,1.05569,0.0,1.9388601835146346e-10,0.905,1.25471,0.7369783742663787,True,0.7975,1.0883201007061416e-09,False,38.08,28.04,35.06,17.83,53.17
chronos-tiny,synth_REGIME_L3,0.755,0.8175,1.05459,1.1102230246251565e-16,5.875744210070977e-07,0.905,1.15509,0.7369783742663787,True,0.8,2.5213356957820565e-09,False,20.98,16.3,19.35,14.8,29.47
chronos-tiny,synth_REGIME_L4,0.6525,0.835,1.10726,0.0,6.244464381088832e-05,0.9225,1.19689,0.11980803750450175,True,0.73,0.0,False,25.48,15.46,22.08,14.24,44.1
chronos-tiny,synth_REGIME_L5,0.7325,0.815,1.12421,0.0,2.826537492950365e-07,0.8825,1.26712,0.2549070641917336,True,0.8225,2.419648762463922e-06,False,30.4,21.42,25.39,19.54,35.72
chronos-tiny,synth_TAIL_L1,0.895,0.9275,0.9732,0.7407077810193812,0.055039499052167096,0.93,0.94782,0.03548193606721539,False,0.8825,0.2549070641917336,True,14.21,11.3,14.45,11.05,22.2
chronos-tiny,synth_TAIL_L2,0.87,0.9325,0.99738,0.05472637425714044,0.022078428018212026,0.9325,1.01416,0.022078428018212026,False,0.875,0.10721894827600265,True,11.7,10.4,11.69,10.57,9.69
chronos-tiny,synth_TAIL_L3,0.825,0.8975,1.02607,4.791933806869153e-06,0.8681129024049222,0.9175,1.05621,0.23035104396842243,True,0.8525,0.0028791026168326628,False,12.87,11.19,12.63,11.02,14.39
chronos-tiny,synth_TAIL_L4,0.925,0.95,0.99038,0.08253223849089075,0.00025633644600409067,0.95,1.01861,0.00025633644600409067,False,0.9275,0.055039499052167096,True,11.44,10.11,11.48,10.16,11.19
chronos-tiny,synth_TAIL_L5,0.7925,0.85,1.07773,1.9388601835146346e-10,0.0017564566506699242,0.92,1.34428,0.16860668457336148,True,0.8775,0.1458523829265046,True,28.38,24.62,26.66,13.75,51.54
garch_t,market_rolling,0.723333,0.845,1.13861,0.0,2.762729642769024e-05,0.895,1.11943,0.685265881210859,True,0.776667,0.0,False,15327.81,13157.41,15150.95,10244.43,33.16
garch_t,market_snap,0.9,0.85,0.90813,1.0,0.48419302878615067,0.8,0.9056,0.18262645339010986,True,0.8,0.18262645339010986,True,50.22,47.46,56.06,49.77,0.9
garch_t,synth_GARCH_L1,0.815,0.8825,1.0158,2.826537492950365e-07,0.2549070641917336,0.925,1.04381,0.08253223849089075,True,0.8275,9.335301904389581e-06,False,15.41,12.34,15.05,10.9,29.27
garch_t,synth_GARCH_L2,0.805,0.8575,1.01371,1.2931626214296443e-08,0.007325756312581921,0.91,1.03031,0.49840847706582836,True,0.8275,9.335301904389581e-06,False,17.28,12.65,17.02,11.26,34.84
garch_t,synth_GARCH_L3,0.845,0.895,1.01603,0.0006195463143746638,0.7407077810193812,0.915,1.04625,0.30593081577016135,True,0.865,0.02589616500701819,False,15.89,11.51,15.6,11.13,29.95
garch_t,synth_GARCH_L4,0.855,0.885,1.02408,0.004634643169461494,0.3275249907045875,0.925,1.03778,0.08253223849089075,True,0.87,0.05472637425714044,True,15.87,12.15,15.7,10.92,31.19
garch_t,synth_GARCH_L5,0.87,0.9225,0.97677,0.05472637425714044,0.11980803750450175,0.92,0.95662,0.16860668457336148,True,0.8525,0.0028791026168326628,False,12.33,10.62,12.28,10.61,13.94
garch_t,synth_REGIME_L1,0.8775,0.915,1.01422,0.1458523829265046,0.30593081577016135,0.935,1.01706,0.013239600112248673,False,0.885,0.3275249907045875,True,18.98,13.99,18.92,12.79,32.6
garch_t,synth_REGIME_L2,0.7575,0.8375,1.05774,2.220446049250313e-16,0.00011373790838609121,0.9175,1.12616,0.23035104396842243,True,0.7725,1.092459456231154e-13,False,34.47,22.48,32.49,18.88,45.22
garch_t,synth_REGIME_L3,0.8525,0.915,0.97025,0.0028791026168326628,0.30593081577016135,0.9275,0.97272,0.055039499052167096,True,0.8475,0.0010524979104460375,False,18.94,16.2,18.94,16.06,15.23
garch_t,synth_REGIME_L4,0.8875,0.9375,0.96259,0.4129674542352718,0.007638557747897012,0.9425,0.98107,0.0022485359038989516,False,0.88,0.19466170636712676,True,17.43,14.81,17.41,15.12,13.26
garch_t,synth_REGIME_L5,0.85,0.9125,1.00281,0.0017564566506699242,0.39551232457363306,0.93,1.01831,0.03548193606721539,False,0.85,0.0017564566506699242,False,25.62,19.7,25.46,19.39,24.3
garch_t,synth_TAIL_L1,0.8875,0.9,0.98447,0.4129674542352718,1.0,0.9225,0.95064,0.11980803750450175,True,0.8825,0.2549070641917336,True,16.17,13.74,16.39,11.28,30.21
garch_t,synth_TAIL_L2,0.93,0.945,0.95507,0.03548193606721539,0.0011428451501319659,0.955,0.91351,4.6847632284907625e-05,False,0.9125,0.39551232457363306,True,12.23,10.38,12.02,9.48,22.46
garch_t,synth_TAIL_L3,0.8175,0.905,0.99769,5.875744210070977e-07,0.7369783742663787,0.9275,1.02074,0.055039499052167096,True,0.8275,9.335301904389581e-06,False,13.59,10.83,13.5,10.42,23.28
garch_t,synth_TAIL_L4,0.9475,0.9625,0.95847,0.0005545723725970397,2.3658450436503387e-06,0.945,0.88092,0.0011428451501319659,False,0.9025,0.867141301957215,True,11.75,10.73,11.65,10.13,13.71
garch_t,synth_TAIL_L5,0.84,0.88,1.02581,0.00020363354418406754,0.19466170636712676,0.9125,1.31192,0.39551232457363306,True,0.905,0.7369783742663787,True,27.17,23.3,25.94,13.71,49.56
moirai-base,market_rolling,0.691667,0.828333,1.33484,0.0,7.86938481045496e-08,0.901667,1.43154,0.891488301706257,True,0.863333,0.004334298731119235,False,13624.77,10444.38,10543.38,10353.19,24.01
moirai-base,synth_GARCH_L1,0.8475,0.91,1.00976,0.0010524979104460375,0.49840847706582836,0.9175,1.00264,0.23035104396842243,True,0.8475,0.0010524979104460375,False,14.58,11.56,14.57,11.18,23.27
moirai-base,synth_GARCH_L2,0.8075,0.875,1.09314,2.8621545911100554e-08,0.10721894827600265,0.9,1.18078,1.0,True,0.8625,0.017318793481773453,False,17.73,13.23,16.56,12.78,27.92
moirai-base,synth_GARCH_L3,0.825,0.87,1.0674,4.791933806869153e-06,0.05472637425714044,0.9,1.06943,1.0,True,0.8475,0.0010524979104460375,False,17.54,13.16,17.18,11.34,35.37
moirai-base,synth_GARCH_L4,0.82,0.88,1.04152,1.2020311458416089e-06,0.19466170636712676,0.9175,1.05019,0.23035104396842243,True,0.8325,3.370430150906323e-05,False,18.36,13.38,18.06,11.42,37.81
moirai-base,synth_GARCH_L5,0.91,0.9325,0.91424,0.49840847706582836,0.022078428018212026,0.9375,0.85997,0.007638557747897012,False,0.8775,0.1458523829265046,True,13.48,11.35,13.0,10.54,21.82
moirai-base,synth_REGIME_L1,0.8425,0.905,1.00726,0.00035831171577793697,0.7369783742663787,0.9175,0.97329,0.23035104396842243,True,0.8425,0.00035831171577793697,False,24.34,18.09,24.46,14.71,39.57
moirai-base,synth_REGIME_L2,0.785,0.8525,1.07026,1.3056777881104153e-11,0.0028791026168326628,0.9075,1.12406,0.613036527447367,True,0.7975,1.0883201007061416e-09,False,34.85,25.01,33.35,19.87,42.98
moirai-base,synth_REGIME_L3,0.8825,0.93,0.9729,0.2549070641917336,0.03548193606721539,0.93,0.91999,0.03548193606721539,False,0.8625,0.017318793481773453,False,18.22,15.73,18.18,15.34,15.82
moirai-base,synth_REGIME_L4,0.81,0.8975,1.02241,6.237512439888349e-08,0.8681129024049222,0.92,1.00615,0.16860668457336148,True,0.815,2.826537492950365e-07,False,20.38,15.81,20.34,14.41,29.31
moirai-base,synth_REGIME_L5,0.8725,0.9075,1.01396,0.07733213435568564,0.613036527447367,0.9125,1.02417,0.39551232457363306,True,0.885,0.3275249907045875,True,25.71,20.69,25.48,19.47,24.28
moirai-base,synth_TAIL_L1,0.88,0.9025,1.01121,0.19466170636712676,0.867141301957215,0.92,1.01583,0.16860668457336148,True,0.8825,0.2549070641917336,True,17.47,13.09,17.41,12.16,30.41
moirai-base,synth_TAIL_L2,0.905,0.935,0.96351,0.7369783742663787,0.013239600112248673,0.9375,0.94347,0.007638557747897012,False,0.8925,0.6208700327876632,True,12.15,10.66,12.1,10.21,16.02
moirai-base,synth_TAIL_L3,0.8125,0.8925,1.04031,1.338293239561139e-07,0.6208700327876632,0.915,1.0201,0.30593081577016135,True,0.8225,2.419648762463922e-06,False,13.82,11.38,13.69,10.99,20.47
moirai-base,synth_TAIL_L4,0.945,0.96,0.92363,0.0011428451501319659,6.815690980377376e-06,0.945,0.87075,0.0011428451501319659,False,0.9075,0.613036527447367,True,11.57,10.49,11.17,10.26,11.31
moirai-base,synth_TAIL_L5,0.8425,0.885,1.07029,0.00035831171577793697,0.3275249907045875,0.92,1.18122,0.16860668457336148,True,0.8775,0.1458523829265046,True,27.5,22.4,26.79,13.71,50.14
moirai-small,market_rolling,0.786667,0.881667,1.26146,3.3306690738754696e-16,0.14451371594013285,0.893333,1.23791,0.5898146834962685,True,0.873333,0.035730492077341136,False,12626.52,10301.72,11106.67,9810.04,22.31
moirai-small,synth_GARCH_L1,0.895,0.9225,1.00168,0.7407077810193812,0.11980803750450175,0.9325,0.93705,0.022078428018212026,False,0.87,0.05472637425714044,True,14.13,12.66,14.21,11.84,16.2
moirai-small,synth_GARCH_L2,0.8675,0.9075,1.03843,0.03800227909384535,0.613036527447367,0.9075,0.98828,0.613036527447367,True,0.8625,0.017318793481773453,False,16.78,13.08,16.84,12.03,28.35
moirai-small,synth_GARCH_L3,0.88,0.9425,0.98868,0.19466170636712676,0.0022485359038989516,0.915,1.01224,0.30593081577016135,True,0.885,0.3275249907045875,True,15.95,13.08,15.92,13.4,15.98
moirai-small,synth_GARCH_L4,0.86,0.9225,1.04022,0.011368557989856365,0.11980803750450175,0.9425,0.99335,0.0022485359038989516,False,0.86,0.011368557989856365,False,16.62,14.13,16.65,13.09,21.22
moirai-small,synth_GARCH_L5,0.925,0.945,0.88657,0.08253223849089075,0.0011428451501319659,0.94,0.83201,0.0042327351850235395,False,0.88,0.19466170636712676,True,14.9,12.28,14.05,11.22,24.68
moirai-small,synth_REGIME_L1,0.895,0.9325,0.98215,0.7407077810193812,0.022078428018212026,0.9425,0.93135,0.0022485359038989516,False,0.8825,0.2549070641917336,True,23.65,17.95,23.74,15.48,34.55
moirai-small,synth_REGIME_L2,0.82,0.8825,1.07862,1.2020311458416089e-06,0.2549070641917336,0.935,1.05849,0.013239600112248673,False,0.825,4.791933806869153e-06,False,36.65,24.79,36.03,21.49,41.35
moirai-small,synth_REGIME_L3,0.8775,0.9325,1.01328,0.1458523829265046,0.022078428018212026,0.9325,0.97989,0.022078428018212026,False,0.8725,0.07733213435568564,True,19.57,17.71,19.58,17.69,9.61
moirai-small,synth_REGIME_L4,0.8225,0.9025,1.1269,2.419648762463922e-06,0.867141301957215,0.9175,1.01472,0.23035104396842243,True,0.825,4.791933806869153e-06,False,24.23,19.16,24.14,16.16,33.32
moirai-small,synth_REGIME_L5,0.9025,0.925,1.02742,0.867141301957215,0.08253223849089075,0.92,1.01069,0.16860668457336148,True,0.905,0.7369783742663787,True,24.8,21.78,24.78,20.88,15.82
moirai-small,synth_TAIL_L1,0.885,0.9225,1.05208,0.3275249907045875,0.11980803750450175,0.9275,0.95704,0.055039499052167096,True,0.8725,0.07733213435568564,True,16.68,13.66,16.88,12.24,26.65
moirai-small,synth_TAIL_L2,0.9575,0.95,0.93294,1.84160276963663e-05,0.00025633644600409067,0.9425,0.9033,0.0022485359038989516,False,0.9325,0.022078428018212026,False,11.68,11.02,10.99,10.67,8.65
moirai-small,synth_TAIL_L3,0.865,0.9175,1.01846,0.02589616500701819,0.23035104396842243,0.9225,1.16397,0.11980803750450175,True,0.9325,0.022078428018212026,False,13.22,12.18,13.37,13.95,-5.56
moirai-small,synth_TAIL_L4,0.9575,0.9675,0.89593,1.84160276963663e-05,2.310717722719957e-07,0.94,0.84403,0.0042327351850235395,False,0.935,0.013239600112248673,False,12.87,11.3,11.8,10.92,15.13
moirai-small,synth_TAIL_L5,0.83,0.8725,1.06235,1.7887158300422534e-05,0.07733213435568564,0.9125,1.25831,0.39551232457363306,True,0.885,0.3275249907045875,True,30.16,24.96,29.78,15.36,49.07
random_walk,market_rolling,0.618333,0.736667,1.18987,0.0,0.0,0.903333,1.81405,0.7844463627644468,True,0.865,0.006363385189905868,False,20264.69,15701.16,13650.07,8267.33,59.2
random_walk,market_snap,1.0,0.95,0.91729,0.04008175309031781,0.4136588922308816,0.9,0.85431,1.0,True,0.95,0.4136588922308816,True,43.17,43.66,38.34,40.85,5.38
random_walk,synth_GARCH_L1,0.8075,0.8875,1.02769,2.8621545911100554e-08,0.4129674542352718,0.9075,1.06189,0.613036527447367,True,0.8325,3.370430150906323e-05,False,15.58,12.01,15.15,11.59,25.62
random_walk,synth_GARCH_L2,0.815,0.8725,1.01271,2.826537492950365e-07,0.07733213435568564,0.91,1.0224,0.49840847706582836,True,0.82,1.2020311458416089e-06,False,17.16,13.05,16.98,11.26,34.4
random_walk,synth_GARCH_L3,0.8325,0.8775,1.01235,3.370430150906323e-05,0.1458523829265046,0.9175,1.06361,0.23035104396842243,True,0.85,0.0017564566506699242,False,19.0,14.37,18.62,11.76,38.1
random_walk,synth_GARCH_L4,0.8475,0.8675,0.99197,0.0010524979104460375,0.03800227909384535,0.9225,1.04387,0.11980803750450175,True,0.8525,0.0028791026168326628,False,20.09,15.26,19.91,11.53,42.61
random_walk,synth_GARCH_L5,0.8875,0.9325,0.93731,0.4129674542352718,0.022078428018212026,0.9325,0.90038,0.022078428018212026,False,0.84,0.00020363354418406754,False,12.88,10.81,12.89,10.34,19.72
random_walk,synth_REGIME_L1,0.9425,0.955,0.91662,0.0022485359038989516,4.6847632284907625e-05,0.96,0.8476,6.815690980377376e-06,False,0.9225,0.11980803750450175,True,24.92,19.13,24.44,16.78,32.67
random_walk,synth_REGIME_L2,0.8475,0.9225,0.978,0.0010524979104460375,0.11980803750450175,0.945,0.93454,0.0011428451501319659,False,0.8275,9.335301904389581e-06,False,26.02,21.19,26.87,19.87,23.65
random_walk,synth_REGIME_L3,0.9825,0.9675,0.91066,2.498479201307191e-11,2.310717722719957e-07,0.9575,0.83765,1.84160276963663e-05,False,0.9275,0.055039499052167096,True,18.07,16.9,16.37,15.74,12.89
random_walk,synth_REGIME_L4,0.9575,0.97,0.9119,1.84160276963663e-05,6.43403901268158e-08,0.955,0.86239,4.6847632284907625e-05,False,0.8825,0.2549070641917336,True,18.37,16.75,17.56,15.71,14.47
random_walk,synth_REGIME_L5,0.89,0.9225,0.95651,0.511055281460589,0.11980803750450175,0.935,0.95381,0.013239600112248673,False,0.8775,0.1458523829265046,True,27.4,22.04,27.8,20.9,23.71
random_walk,synth_TAIL_L1,0.8825,0.905,0.9812,0.2549070641917336,0.7369783742663787,0.92,0.98084,0.16860668457336148,True,0.8775,0.1458523829265046,True,17.98,14.35,18.04,11.42,36.47
random_walk,synth_TAIL_L2,0.925,0.9425,0.96592,0.08253223849089075,0.0022485359038989516,0.9325,0.95954,0.022078428018212026,False,0.895,0.7407077810193812,True,11.6,10.3,11.56,10.15,12.44
random_walk,synth_TAIL_L3,0.85,0.9125,0.98828,0.0017564566506699242,0.39551232457363306,0.9175,0.99252,0.23035104396842243,True,0.845,0.0006195463143746638,False,13.01,11.04,13.05,10.9,16.19
random_walk,synth_TAIL_L4,0.93,0.955,0.96687,0.03548193606721539,4.6847632284907625e-05,0.95,0.9274,0.00025633644600409067,False,0.9025,0.867141301957215,True,11.58,10.73,11.45,10.18,12.06
random_walk,synth_TAIL_L5,0.865,0.8875,0.98577,0.02589616500701819,0.4129674542352718,0.9325,1.10604,0.022078428018212026,False,0.8825,0.2549070641917336,True,28.4,24.72,28.04,14.76,48.01
